<?xml version="1.0" encoding="UTF-8"?>
<GenRun Id="synth_1" LaunchPart="xc7a50ticsg324-1L" LaunchTime="1745496545">
  <File Type="PA-TCL" Name="top_level.tcl"/>
  <File Type="RDS-PROPCONSTRS" Name="top_level_drc_synth.rpt"/>
  <File Type="REPORTS-TCL" Name="top_level_reports.tcl"/>
  <File Type="RDS-RDS" Name="top_level.vds"/>
  <File Type="RDS-UTIL" Name="top_level_utilization_synth.rpt"/>
  <File Type="RDS-UTIL-PB" Name="top_level_utilization_synth.pb"/>
  <File Type="RDS-DCP" Name="top_level.dcp"/>
  <File Type="VDS-TIMINGSUMMARY" Name="top_level_timing_summary_synth.rpt"/>
  <File Type="VDS-TIMING-PB" Name="top_level_timing_summary_synth.pb"/>
  <FileSet Name="sources" Type="DesignSrcs" RelSrcDir="$PSRCDIR/sources_1" RelGenDir="$PGENDIR/sources_1">
    <Filter Type="Srcs"/>
    <File Path="$PSRCDIR/sources_1/new/Hodiny.vhd">
      <FileInfo>
        <Attr Name="ImportPath" Val="$PPRDIR/../../../../../../256537/delicka_1Hz/delicka_1Hz.srcs/sources_1/new/Hodiny.vhd"/>
        <Attr Name="ImportTime" Val="1744889508"/>
        <Attr Name="UsedIn" Val="synthesis"/>
        <Attr Name="UsedIn" Val="simulation"/>
      </FileInfo>
    </File>
    <File Path="$PSRCDIR/sources_1/new/KO.vhd">
      <FileInfo>
        <Attr Name="ImportPath" Val="$PPRDIR/../../../../../../256537/delicka_1Hz/delicka_1Hz.srcs/sources_1/new/KO.vhd"/>
        <Attr Name="ImportTime" Val="1744889178"/>
        <Attr Name="UsedIn" Val="synthesis"/>
        <Attr Name="UsedIn" Val="simulation"/>
      </FileInfo>
    </File>
    <File Path="$PSRCDIR/sources_1/new/delicka_1000Hz.vhd">
      <FileInfo>
        <Attr Name="ImportPath" Val="$PPRDIR/../../../../../../256537/delicka_1Hz/delicka_1Hz.srcs/sources_1/new/delicka_1000Hz.vhd"/>
        <Attr Name="ImportTime" Val="1744890350"/>
        <Attr Name="UsedIn" Val="synthesis"/>
        <Attr Name="UsedIn" Val="simulation"/>
      </FileInfo>
    </File>
    <File Path="$PSRCDIR/sources_1/new/delicka_1Hz.vhd">
      <FileInfo>
        <Attr Name="ImportPath" Val="$PPRDIR/../../../../../../256537/delicka_1Hz/delicka_1Hz.srcs/sources_1/new/delicka_1Hz.vhd"/>
        <Attr Name="ImportTime" Val="1744889100"/>
        <Attr Name="UsedIn" Val="synthesis"/>
        <Attr Name="UsedIn" Val="simulation"/>
      </FileInfo>
    </File>
    <File Path="$PSRCDIR/sources_1/new/minuty.vhd">
      <FileInfo>
        <Attr Name="ImportPath" Val="$PPRDIR/../../../../../../256537/delicka_1Hz/delicka_1Hz.srcs/sources_1/new/minuty.vhd"/>
        <Attr Name="ImportTime" Val="1744889344"/>
        <Attr Name="UsedIn" Val="synthesis"/>
        <Attr Name="UsedIn" Val="simulation"/>
      </FileInfo>
    </File>
    <File Path="$PSRCDIR/sources_1/new/sekundy.vhd">
      <FileInfo>
        <Attr Name="ImportPath" Val="$PPRDIR/../../../../../../256537/delicka_1Hz/delicka_1Hz.srcs/sources_1/new/sekundy.vhd"/>
        <Attr Name="ImportTime" Val="1744889244"/>
        <Attr Name="UsedIn" Val="synthesis"/>
        <Attr Name="UsedIn" Val="simulation"/>
      </FileInfo>
    </File>
    <File Path="$PSRCDIR/sources_1/new/toplevel.vhd">
      <FileInfo>
        <Attr Name="ImportPath" Val="$PPRDIR/../../../../../../256537/delicka_1Hz/delicka_1Hz.srcs/sources_1/new/toplevel.vhd"/>
        <Attr Name="ImportTime" Val="1744894190"/>
        <Attr Name="UsedIn" Val="synthesis"/>
        <Attr Name="UsedIn" Val="simulation"/>
      </FileInfo>
    </File>
    <File Path="$PSRCDIR/sources_1/new/zobrazeni.vhd">
      <FileInfo>
        <Attr Name="ImportPath" Val="$PPRDIR/../../../../../../256537/delicka_1Hz/delicka_1Hz.srcs/sources_1/new/zobrazeni.vhd"/>
        <Attr Name="ImportTime" Val="1744889548"/>
        <Attr Name="UsedIn" Val="synthesis"/>
        <Attr Name="UsedIn" Val="simulation"/>
      </FileInfo>
    </File>
    <File Path="$PSRCDIR/sources_1/new/delicka_20Hz.vhd">
      <FileInfo>
        <Attr Name="ImportPath" Val="$PPRDIR/../../../../../../256537/delicka_1Hz/delicka_1Hz.srcs/sources_1/new/delicka_20Hz.vhd"/>
        <Attr Name="ImportTime" Val="1744892870"/>
        <Attr Name="UsedIn" Val="synthesis"/>
        <Attr Name="UsedIn" Val="simulation"/>
      </FileInfo>
    </File>
    <File Path="$PSRCDIR/sources_1/new/hodiny_top.vhd">
      <FileInfo>
        <Attr Name="ImportPath" Val="$PPRDIR/../Desktop/Hodiny v6/Hodiny v6.srcs/sources_1/new/hodiny_top.vhd"/>
        <Attr Name="ImportTime" Val="1745332946"/>
        <Attr Name="UsedIn" Val="synthesis"/>
        <Attr Name="UsedIn" Val="simulation"/>
      </FileInfo>
    </File>
    <File Path="$PSRCDIR/sources_1/new/alarm_comp.vhd">
      <FileInfo>
        <Attr Name="ImportPath" Val="$PPRDIR/../Desktop/Hodiny v6/Hodiny v6.srcs/sources_1/new/alarm_comp.vhd"/>
        <Attr Name="ImportTime" Val="1745397578"/>
        <Attr Name="UsedIn" Val="synthesis"/>
        <Attr Name="UsedIn" Val="simulation"/>
      </FileInfo>
    </File>
    <File Path="$PSRCDIR/sources_1/imports/new/selector.vhd">
      <FileInfo>
        <Attr Name="ImportPath" Val="$PPRDIR/../Desktop/project_1/project_1.srcs/sources_1/new/selector.vhd"/>
        <Attr Name="ImportTime" Val="1745351932"/>
        <Attr Name="UsedIn" Val="synthesis"/>
        <Attr Name="UsedIn" Val="simulation"/>
      </FileInfo>
    </File>
    <File Path="$PSRCDIR/sources_1/new/out_time.vhd">
      <FileInfo>
        <Attr Name="ImportPath" Val="$PPRDIR/../Desktop/Hodiny v6/Hodiny v6.srcs/sources_1/new/out_time.vhd"/>
        <Attr Name="ImportTime" Val="1745399428"/>
        <Attr Name="UsedIn" Val="synthesis"/>
        <Attr Name="UsedIn" Val="simulation"/>
      </FileInfo>
    </File>
    <File Path="$PSRCDIR/sources_1/new/stopwatch_controller.vhd">
      <FileInfo>
        <Attr Name="ImportPath" Val="$PPRDIR/../Desktop/Hodiny v6/Hodiny v6.srcs/sources_1/new/stopwatch_controller.vhd"/>
        <Attr Name="ImportTime" Val="1745400176"/>
        <Attr Name="UsedIn" Val="synthesis"/>
        <Attr Name="UsedIn" Val="simulation"/>
      </FileInfo>
    </File>
    <Config>
      <Option Name="DesignMode" Val="RTL"/>
      <Option Name="TopModule" Val="top_level"/>
    </Config>
  </FileSet>
  <FileSet Name="constrs_in" Type="Constrs" RelSrcDir="$PSRCDIR/constrs_1">
    <Filter Type="Constrs"/>
    <File Path="$PSRCDIR/constrs_1/new/Nexys A7-50T.xdc">
      <FileInfo>
        <Attr Name="ImportPath" Val="$PPRDIR/../Desktop/Hodiny v6/Hodiny v6.srcs/constrs_1/new/Nexys A7-50T.xdc"/>
        <Attr Name="ImportTime" Val="1745401578"/>
        <Attr Name="UsedIn" Val="synthesis"/>
        <Attr Name="UsedIn" Val="implementation"/>
      </FileInfo>
    </File>
    <Config>
      <Option Name="ConstrsType" Val="XDC"/>
    </Config>
  </FileSet>
  <FileSet Name="utils" Type="Utils" RelSrcDir="$PSRCDIR/utils_1">
    <Filter Type="Utils"/>
    <Config>
      <Option Name="TopAutoSet" Val="TRUE"/>
    </Config>
  </FileSet>
  <Strategy Version="1" Minor="2">
    <StratHandle Name="Vivado Synthesis Defaults" Flow="Vivado Synthesis 2020">
      <Desc>Vivado Synthesis Defaults</Desc>
    </StratHandle>
    <Step Id="synth_design"/>
  </Strategy>
</GenRun>
